,categories,indices
0,apple,"[ 7012  6867  6868  6869  6870  6871  6873  6875  6876  6877  6879  6880
  6865  6882  6885  6886  6887  6888  6890  6891  6892  6897  6898  6902
  6904  6884  6906  6861  6855  6813  6815  6819  6821  6822  6823  6825
  6826  6827  6828  6830  6857  6833  6836  6840  6841  6842  6843  6844
  6845  6847  6849  6850  6851  6834  8036  6907  6910  6972  6973  6974
  6976  6977  6978  6979  6982  6983  6986  6988  6971  6989  6992  6993
  6996  6998  6999  7000  7001  7002  7004  7006  7009  6990  6909  6968
  6962  6911  6913  6914  6915  6916  6917  6918  6922  6923  6927  6932
  6965  6934  6937  6939  6940  6943  6944  6951  6952  6954  6956  6959
  6960  6936 12807  8038  8040  9070  9071  9072  9073  9074  9075  9077
  9078  9082  9083  9088  9090  9091  9092  9097  9098  9099  9101  9102
  9103  9105  9108  9109  9068  9067  9065  9063  9020  9021  9024  9025
  9027  9028  9030  9031  9033  9035  9037  9114  9041  9046  9047  9048
  9050  9051  9052  9056  9057  9059  9061  9062  9045  9118  9119  9122
  9178  9179  9180  9182  9183  9184  9186  9187  9188  9189  9191  9176
  9193  9196  9197  9199  9200  9202  9204  9205  9207  9209  9210  9211
  9195  9019  9175  9171  9125  9128  9131  9132  9136  9137  9139  9140
  9141  9143  9144  9174  9149  9154  9155  9157  9158  9161  9162  9164
  9166  9167  9168  9169  9152  9215  9018  9015  8883  8884  8885  8886
  8887  8888  8893  8894  8895  8897  8899  8900  8903  8906  8907  8908
  8909  8910  8911  8912  8913  8916  8917  8882  8881  8880  8878  8838
  8839  8841  8844  8849  8850  8852  8857  8858  8859  8860  8918  8861
  8863  8864  8865  8866  8867  8868  8869  8873  8874  8875  8876  8862
  8920  8923  8924  8977  8978  8979  8982  8983  8985  8986  8990  8992
  8993  8994  8974  8996  8998  8999  9002  9003  9005  9006  9009  9011
  9012  9013  9014  8997  9017  8971  8969  8925  8927  8928  8929  8933
  8935  8936  8937  8938  8939  8940  8970  8942  8947  8949  8950  8951
  8953  8956  8959  8961  8962  8963  8968  8946  8836  9216  9221  9493
  9494  9496  9497  9498  9499  9500  9501  9503  9504  9505  9507  9509
  9510  9512  9515  9516  9518  9522  9523  9525  9526  9527  9492  9491
  9488  9485  9438  9439  9443  9444  9446  9449  9453  9454  9455  9458
  9460  9528  9463  9467  9468  9469  9474  9475  9477  9478  9479  9481
  9482  9484  9465  9529  9532  9533  9579  9581  9582  9583  9584  9585
  9587  9588  9589  9590  9591  9577  9592  9596  9601  9602  9604  9605
  9607  9610  9611  9612  9613  9614  9594  9430  9576  9571  9534  9535
  9536  9537  9538  9540  9541  9542  9544  9545  9546  9574  9548  9552
  9554  9555  9557  9560  9561  9562  9563  9565  9567  9568  9551  9220
  9428  9423  9271  9273  9275  9276  9280  9281  9282  9284  9286  9289
  9290  9291  9293  9294  9295  9299  9300  9302  9304  9307  9313  9314
  9318  9268  9267  9266  9265  9223  9224  9225  9231  9233  9235  9236
  9237  9241  9242  9243  9321  9244  9250  9253  9254  9255  9256  9258
  9259  9260  9261  9262  9263  9246  9322  9323  9324  9376  9378  9379
  9381  9382  9384  9385  9386  9388  9389  9394  9374  9397  9403  9404
  9405  9406  9407  9409  9411  9415  9419  9420  9422  9401  9427  9371
  9368  9325  9326  9327  9328  9330  9331  9333  9334  9337  9340  9343
  9370  9344  9349  9350  9351  9352  9354  9357  9359  9360  9361  9364
  9366  9347  8834  8832  8831  8296  8297  8298  8299  8300  8301  8303
  8304  8306  8307  8308  8309  8310  8311  8312  8314  8315  8316  8317
  8318  8320  8321  8322  8293  8292  8291  8290  8247  8249  8250  8251
  8254  8255  8260  8261  8265  8267  8268  8323  8273  8275  8276  8279
  8280  8281  8282  8283  8284  8286  8288  8289  8274  8326  8329  8330
  8381  8382  8383  8387  8388  8389  8392  8394  8395  8396  8397  8380
  8398  8400  8401  8402  8406  8412  8413  8415  8416  8417  8419  8420
  8399  8245  8379  8372  8333  8334  8335  8338  8340  8341  8343  8344
  8345  8346  8347  8373  8348  8355  8357  8358  8360  8361  8363  8364
  8365  8367  8369  8370  8350  8421  8244  8241  8088  8089  8090  8091
  8094  8095  8097  8098  8099  8100  8102  8103  8106  8108  8111  8113
  8117  8118  8119  8122  8127  8128  8129  8087  8086  8084  8083  8042
  8043  8044  8047  8048  8049  8050  8051  8052  8055  8058  8130  8059
  8062  8064  8067  8069  8071  8074  8075  8079  8080  8081  8082  8060
  8131  8132  8133  8192  8193  8198  8200  8202  8205  8206  8209  8210
  8216  8219  8191  8220  8223  8224  8225  8227  8232  8235  8236  8237
  8238  8239  8240  8221  8243  8190  8183  8134  8135  8137  8138  8140
  8142  8143  8144  8145  8152  8155  8186  8156  8159  8160  8163  8164
  8165  8167  8168  8169  8173  8176  8178  8157  8422  8425  8427  8676
  8677  8678  8679  8680  8681  8682  8683  8684  8688  8692  8694  8700
  8701  8703  8705  8707  8708  8709  8710  8715  8717  8718  8675  8674
  8673  8672  8632  8633  8636  8637  8640  8641  8644  8647  8648  8649
  8650  8721  8651  8654  8655  8656  8658  8659  8661  8662  8664  8668
  8669  8670  8653  8722  8723  8725  8787  8791  8792  8793  8794  8795
  8796  8798  8799  8802  8806  8783  8807  8810  8811  8812  8813  8815
  8817  8819  8821  8822  8823  8828  8808  8631  8782  8777  8727  8728
  8729  8737  8738  8739  8742  8744  8745  8748  8751  8781  8752  8754
  8755  8756  8758  8759  8764  8767  8768  8771  8774  8776  8753  8630
  8629  8628  8483  8484  8486  8488  8490  8491  8492  8494  8495  8498
  8499  8482  8500  8503  8506  8507  8509  8512  8514  8515  8516  8524
  8528  8529  8501  8530  8481  8478  8429  8432  8433  8435  8436  8437
  8441  8442  8443  8445  8446  8480  8453  8460  8461  8463  8464  8466
  8467  8469  8474  8475  8476  8477  8456  8039  8531  8535  8582  8583
  8588  8590  8593  8595  8596  8599  8602  8603  8606  8581  8607  8609
  8610  8613  8615  8616  8617  8619  8622  8623  8624  8626  8608  8532
  8579  8576  8538  8540  8541  8543  8544  8545  8546  8551  8555  8556
  8557  8578  8558  8561  8562  8563  8567  8568  8569  8570  8571  8573
  8574  8575  8560 19999]"
1,circle,"[15427 16339 10186  9807 12945  2734 18277 18150 19825  4948  9392 13754
  1146  5398 13420 10067  9020  7415 14286 19247 11275  9323 12381  3928
  6783 15858 15457  2100 18635 19299  5284  7325 17825  2579  4029  3374
  5087 10505 19482  3307 12430 14109  7036 12425  6024 11991 12850 15357
  1815 10941  2747  4813  9897 16703  2069 10930 16385  2481  7121 16455
  5699  5583 14996  9909 13797  4079   674 17003  5058  5759 19410  5693
 19590 14022  1604   608 15259  2928 11711  7441  3272 16398  5221  3355
  3382  8524  8580 16070  3415  8457  5513  3216  8106  8913  6810  8373
 16268  8117 15751  7152   444 14268  9492   669  4837  6027 11172 16163
  6137  9932 14526 15467  7331  3996 15260   225 15284 19499 10459  2757
 19173 12225   466  1427  4986  1422  2718 16084 19460  1297 18229  9519
  7678 13265  9085  5830 17544  6796  3524 16294  6757  3191  4108  1176
 13492 15334   353 16789  4497  6859   248  4775 11060 14753 19494  1936
 11083  9739  1998  7340 11236 12008  3907  6689 15915  6691  2293  2784
 13370  7503 10715  9438 16429 14103 19450  7027 10830 11811 12858 11897
   711  5332 14272 17530 14783  9186  8417  7398 11153  9899  5356 13888
   721  7321 10169 12808  3604  4252 19356 15939  4760 10541  6383 11604
 14936  3639 17299  1188 19708  8988 18185 11460 11315  3067  3403  6199
 13712 13252  8866  5490  1499 13385 12431   816  2731 17226 18982 14794
 19474 14780 17513 16447 14790 19655  3286  1897 10923  2601  5070  2219
 13404  6580  8882 17728  4463  8146  5250  1615 11691  5722  5065  6856
 17743 18410 18986 16212  3991  2244  4914  3381 10263  4743 12228  7535
  4861 14355 10034 11982  2064  9556 17280  9122 10154 13298 18664  7443
 18223  9920 18789  9919 14350   311  9887  9181  9256   649 10502 19183
 19914  1291  3262 11452 18873 13280  8391  7763  7092  3697  1949 17068
 12287 18726 19078  3281 11618  7524  9903  8729   720 13531 11398 11591
 16679 19519  8931 14594 16593 10282  3151  7553  9862  8225  6941  4719
 14857  2002  3656  7452 14832 14961  2658  6474 14508 10395 16620  3621
 18281  6406 12497 12028 12261 12488  3441 11127 10537  1389 13125 13346
  2163 11189 14075  5110 17307 19416  5470   866 12727 14695 14946 13119
 10162 10394 19461  2895  6445  3896  9314 13655 17256 12778  4855  5811
 13161 17300  6454  6321 19734   991 17866 11061  3981 10398  9616 11559
 13637  2709    85  9747  9828  7878 10611 14978 16436 19277  7532 15542
 10560 10487 10049 10097 10150 10285 16837 19214   194  9540 11234  3467
  8830  3198    35 15987  6714 15928  8247 10829  2937 10777  8152  8150
 13668  2862 10785 15222 10472 12264  1967 17856  2054  4708 12223   402
  4001  9906  2318  8493 14177  3279 13032 18512   632 19720 13656  2805
 19571 14310 18313  5337  4795  5558  3869 18234 18838  7788 15432  9607
  1728 17462  1200 13770 11714 14921  6717  6596  5549  8312  1160 18143
  8904  6526  7314  2255 11051 17154  3108 12372  4496 12695   969 19316
  2051   676 17853 15145  9429 18329  6269 18331 19223 18584  1463 12913
 16457 18026 16799  7105 12342 14689 12481  3350 12566  5757  7227  4601
 18472   431  7296  3799   405  2754 10135   423 10068 10774 13613  6846
 14072 19269  3778 10312 16583 10608  3726 13548 10648   790 10417   169
 14124  5597 16021 16033  8820 12745 11136  4503 13727  8421 17590  1780
  5748 17440 13760  4257 13311  6990  8549  3203 19210 15188 14012  4487
  3594  1419  9298 18639 13829 17310 14863  7045   804 13973 11710 12429
 16986 16146 10255  2127 17137 17423 13905  5075   316 14123  6164  3478
  5366  7945 11518  3528 10937 14718 13840 19911   562  6028  9726 16603
 11048  9014  7909  8543  2787 18735 16330    78 18431  6769  8835  9704
  9133  7853 12749  3007 18504  3748 11756 16806  9911 11923  4180  2205
  2308 16690 17116  4698 11137   250 12347  4679 18901  6424  7682  2272
 11965  5496 16966 16328 10650  1466 12674  2182   970 18686 17056  9528
 14815 17842 18692  9012  1029  4581 11952  7079  4942 17367  4510 17936
  3576  4604 16071 19487 17727  3205 14107  1161  3092  7242   335 16866
 10780 12498  2294  6939 11344 13116 14666 15395  2685  1621 17823 11889
 17469   886  4761 10064  2376   666 15847 19901 19991 11043   589  4106
 12503 13296  1016 11402  1023  9121 14144  3078  8952  3527 18797 14547
  5205 14381 16627  2691  4555 19651  6736  1116  9569  5100  1193 15003
 10073  8645 15471  9514  8322  8433 17507 13120 14163 11992   515 10121
  4276 11006 14167 16113  6401 19384  8436 16017 12334  3916 10033 11654
  2328 16203 19149 13454 10404 12716  8169  3702 15324  1702 11585  2950
    98 12278  9587 15665 14535  6798   749 17169 11555  9219  4170 17918
  6415 10615  8116  6591 11272   689  1682 15023 18306 15012  3326 14152
  1691 18388  3081 10931  1971 10861  5550  2957  3412  1593 12147 19705
  4960 11466 14768 11806 15054 12904 11610  9696 15372 12601   181  5579
 13912   235 13368 13295 13933   378  5143 13461 11285 12987 18799   839
 19395   850 10020  4019  4746  2238  1000 16707 15001 12006 14932  1118
  1659 19449 14884  1501 11812 18288  8004 17806  3775 14147 14176 14198
  4913  8979 18754  9022  4856  5780  9191 18656 18312 15720  3582 18227
  8460  1365 11630 14823  7937  8630 11395  6890  8641 14973 13875  9967
  8809 13963  7835 16657  4083 15236  7604  9073  8410 11797  5207   406
  4722 19606 14617 14433 12404 13146  1875  2998  8815   584 10924 15107
 10987  1976  1962 15049 15138 10763  4061  4214 15350  3924  3883 13861
 15620  8003  9703  3709  3705  3020  9299  8234   919 12921 12633  5697
 11328 13290  5071 11383 13278   269  4375   252  1537  1577  1776 18209
  2384 19285 12344 17427   540 10340  9867  9852  6463 18569   779 12707
  9115  6051  1235 14760  9308 18266 11422  8841  7297  7107  6314 15211
  4088 17089  6277  2233 10565 11944 11798 12918 11041 19821 15955  6609
  1938 16552    73   244 16994 11742  8626 15909  1754 17044 11995    32
 18902  8386  8897   414  4753 17342 18770 16108 19458 11354  5377  2602
  7894  2038  4366  7268  5911 11762 17821  9651 11804 15693 14389  2567
 18870 14458  4793 16633 16655 15132 17473 19433 14655  6096 13004 12815
   435 16337  7217   856]"
2,cloud,"[ 6954  6956  6959  6963  6967  6970  6974  6978  6980  6981  6982  6985
  6990  6994  8523  7286  7289  7566  7568  7569  7570  7574  7575  7576
  7579  7580  7565  7582  7586  7587  7588  7589  7592  7593  7595  7596
  7597  7583  7558  7555  7553  7501  7506  7507  7508  7510  7513  7515
  7518  7519  7526  7530  7531  7532  7533  7534  7540  7541  7542  7544
  7547  7551  7599  7500  7600  7603  7679  7680  7681  7683  7684  7688
  7693  7698  7701  7676  7703  7707  7708  7711  7712  7713  7719  7721
  7725  7726  7705  7674  7668  7667  7604  7605  7608  7617  7621  7623
  7624  7625  7626  7631  7633  7636  7637  7639  7644  7646  7647  7648
  7649  7662  7664  7602  7499  7498  7496  7362  7363  7364  7365  7369
  7373  7374  7375  7377  7360  7378  7380  7381  7385  7390  7391  7392
  7394  7395  7397  7379  7356  7354  7353  7300  7301  7308  7309  7311
  7316  7318  7322  7323  7329  7334  7335  7337  7341  7343  7345  7346
  7347  7348  7351  7352  7398  7400  7403  7405  7455  7459  7461  7462
  7467  7468  7469  7471  7472  7474  7478  7480  7481  7483  7485  7486
  7487  7488  7490  7491  7495  7453  7287  7451  7447  7407  7408  7410
  7414  7416  7417  7418  7419  7420  7423  7424  7426  7428  7429  7430
  7437  7438  7442  7443  7445  7446  7449  8524  8525  8530  9641  9643
  9645  9647  9650  9651  9652  9653  9655  9640  9657  9661  9671  9672
  9673  9674  9676  9678  9679  9683  9659  9637  9636  9635  9585  9587
  9588  9596  9598  9604  9605  9606  9607  9610  9611  9615  9616  9617
  9619  9620  9621  9623  9627  9630  9632  9688  9583  9689  9693  9747
  9748  9749  9751  9754  9755  9757  9758  9760  9745  9761  9764  9766
  9767  9773  9776  9777  9778  9780  9781  9762  9744  9742  9741  9694
  9695  9701  9704  9706  9707  9708  9710  9711  9712  9714  9716  9717
  9719  9721  9726  9729  9735  9738  9739  9740  9691  9582  9581  9578
  9417  9419  9422  9425  9429  9430  9431  9435  9437  9416  9441  9445
  9446  9449  9456  9457  9458  9460  9461  9463  9444  9415  9414  9412
  9358  9361  9362  9363  9370  9372  9376  9378  9383  9384  9386  9389
  9390  9393  9395  9397  9401  9402  9406  9408  9409  9466  9467  9469
  9470  9523  9533  9539  9542  9543  9544  9546  9547  9548  9549  9550
  9552  9557  9558  9560  9562  9563  9564  9565  9575  9576  9520  9782
  9517  9513  9474  9475  9477  9479  9482  9486  9487  9488  9493  9494
  9495  9496  9497  9500  9503  9505  9506  9507  9509  9510  9512  9514
  9357  9783  9788 10028 10029 10031 10033 10034 10037 10039 10042 10043
 10027 10045 10048 10050 10051 10054 10055 10059 10063 10066 10070 10047
 10024 10022 10020  9980  9982  9983  9984  9985  9986  9992  9993  9996
  9998 10000 10003 10005 10006 10008 10011 10014 10016 10017 10018 10019
 10072  9977 10074 10076 10140 10143 10145 10147 10153 10154 10156 10157
 10160 10138 10163 10167 10168 10170 10171 10172 10174 10179 10181 10182
 10166 10136 10132 10131 10078 10079 10086 10087 10088 10089 10090 10092
 10095 10097 10098 10100 10104 10110 10111 10114 10117 10119 10123 10128
 10129 10075  9976  9975  9974  9834  9835  9837  9840  9841  9842  9843
  9845  9846  9833  9847  9851  9853  9855  9856  9857  9859  9864  9866
  9868  9848  9832  9831  9830  9789  9790  9793  9794  9798  9801  9802
  9803  9804  9805  9806  9807  9808  9810  9813  9817  9819  9820  9823
  9824  9829  9872  9875  9876  9878  9925  9930  9931  9938  9939  9940
  9941  9942  9945  9950  9951  9953  9955  9957  9962  9966  9967  9969
  9970  9971  9973  9923  9787  9922  9920  9879  9880  9882  9884  9886
  9887  9888  9889  9894  9895  9897  9899  9900  9901  9902  9903  9907
  9910  9915  9917  9918  9921 13625  9354  9351  8805  8806  8807  8809
  8810  8812  8815  8816  8819  8800  8823  8828  8830  8831  8832  8833
  8834  8835  8836  8839  8825  8799  8795  8794  8751  8752  8753  8754
  8756  8758  8760  8761  8763  8765  8767  8768  8770  8771  8775  8777
  8780  8781  8785  8786  8789  8840  8746  8842  8845  8904  8905  8906
  8907  8909  8910  8911  8913  8914  8901  8915  8919  8920  8921  8929
  8930  8931  8932  8936  8937  8918  8900  8898  8895  8848  8852  8853
  8854  8855  8856  8858  8859  8864  8867  8869  8870  8873  8876  8879
  8882  8889  8890  8891  8892  8894  8844  8740  8739  8732  8584  8586
  8587  8592  8593  8596  8597  8598  8599  8580  8606  8608  8611  8613
  8615  8616  8618  8619  8620  8622  8607  8579  8574  8572  8531  8532
  8533  8534  8538  8539  8540  8544  8545  8548  8552  8554  8556  8558
  8560  8561  8563  8565  8567  8569  8570  8626  8628  8629  8630  8688
  8689  8692  8694  8695  8696  8697  8699  8700  8703  8704  8706  8708
  8710  8711  8715  8717  8718  8723  8724  8727  8687  8939  8684  8679
  8632  8633  8635  8636  8639  8640  8641  8645  8647  8648  8649  8650
  8655  8657  8660  8661  8662  8663  8668  8677  8678  8680  9352  8940
  8944  9204  9206  9207  9208  9209  9214  9215  9216  9219  9203  9222
  9224  9225  9227  9228  9230  9231  9233  9235  9236  9223  9202  9200
  9197  9152  9155  9160  9165  9167  9172  9173  9174  9175  9176  9177
  9179  9184  9185  9186  9187  9189  9190  9191  9195  9196  9237  9151
  9241  9248  9306  9308  9310  9312  9313  9314  9318  9321  9324  9305
  9327  9331  9332  9336  9337  9338  9340  9343  9345  9349  9328  9303
  9302  9299  9255  9258  9259  9263  9267  9268  9274  9275  9279  9283
  9284  9285  9286  9289  9291  9292  9293  9294  9296  9297  9298  9243
  9142  9140  9137  8989  8991  8994  8995  8996  9000  9002  9003  9004
  8988  9005  9008  9009  9010  9012  9015  9018  9019  9020  9021  9006
  8987  8986  8985  8945  8947  8948  8952  8953  8954  8955  8956  8957
  8961  8963  8964  8966  8968  8969  8970  8972  8974  8977  8982  8984
  9025  9026  9028  9029  9085  9086  9087  9090  9091  9092  9093  9094
  9099  9100  9102  9103  9104  9109  9114  9124  9125  9128  9131  9133
  9136  9083  8943  9079  9075  9032  9034  9037  9038  9040  9041  9042
  9044  9048  9050  9054  9056  9058  9060  9061  9064  9065  9066  9067
  9070  9073  9078 19999]"
3,door,"[16338 12452 18619  5007 12463 12466  2891 18632  4615  2787  5155  7003
  2207  9268  9305 14020 16490 12211 13790 12255 12215 12219 17220 14874
 12245 11145  5983 14866  1542  3118 16495  4522 12221  3499  6304 14018
  9297 18523 15380  4475 17243 18473   576  9258  5334  5315   579  9298
  3491 19505  8267  7958  8065 19985  7573  7651  3405  7648   164    17
  8358  4481  7772  8347 19595 19254   104 19754  7450 19976  4650  3377
  7258   100  8172 19309  8308  4669  4653 19451 19397  7518  3407 19836
 19567  4634  3660  3362  7851  7438  8256  7623  7403 19533  7981 19905
  8187  7630  3613  3715  7719  3614  3394  7636  3519  7492  7725  3507
  7581  3520  8023  3468 19832  3645  7779  8418  4460 19842  7788 19866
 19966    57  7433  3632 19541 19632  8095 19886  7906 19498  7600  3583
 19931  7465  8283  7758  8448   168    48  7386 19791 19878  7226  8436
    82 19644  4692  7700 19743  7385  8394 19475 19238  7501  7899  8140
   205     7 19780  7482  7839  3488  8327 19649 19792  7464  8035  7308
  3482  7367 19608  7766    38 19286 19537  4498  7322  3591  7212  7309
  3379 19228  7950  4463 19752  7213  7546 19654 19536 19334  3699  3486
  7846  3432   187  3398  7557 19368  8454 19332 19549  7533 19289  7276
  4586 19415    83  4492  7184  7728  4713  4623 14706 19161  2100 12610
 12623  1079 12630 12632  2086 16172 16167  2103 16153 16133  2063 12714
 12721 16115  5391 12753 16097 12763 16141  6240 12574 16238 12389 16371
 12394 12401 12417  2144 12429 16334  4280 16323 12481  1039 16292 16285
 12502  5361 12527 12534 12536  5368 16242 12765 12382 16089 12792 12982
 15934 15931 13012 13030  6150 13064  5444  4252 15945  1965  1155 13099
 13108  4014 13125 13162  1941 13174  1171 15865 15946  6165 15949 16069
  5402 16055  1105 12822  2035 16045 16043 12835  5407 12844  2029  2026
 12912  5416  1114  5422 12932 15970 12949  1996  6197 12375 12362 12357
 11832 11834 11845 11858 11859 11865 11868 11878 11879  2346  5261 16708
   939 16693  6396 11921  2312  5270  2295 11989  2329 16757   911 11828
   898  4322  3943  5235 11684  6446  2378 11730  6442 11743 16810   902
  2372 16803  5246 11757 16790  3945  5250 16779 11804  2286  2275  2271
 16640 16499   993 16484 12230 12240   998 12241 12274 12276 12284 12286
  3982 12302 16424  1006 12313  1009  1012 12338 16407 12353  5312  4245
  5311  6330 12032  6366 16623 12045 12048 16613  6362 12063  4299 16597
   967 12119 12120 12138 12143 12152 16552   977   979 12162 16534  3973
 11659  1936 15791 14085  1635 14092 15130  1353 15117 14114 14139 15090
  1349 15087  1618  4181  5877 15070 15066 14200  5643 14209  1592 15086
  1348 15152  4194 13894  1324 13910  5937 13925 13928 15244  5929 13941
 15224  5923 13960 15221  5921 15215 13972  1660 15188  1340 14052 15160
 14237  1697  1589 14259 14493  1530 14512 14515  5783 14537 14547  1520
 14573 14491 14577  4142 14760 14755 14620 14743  5739  5725 14704  1479
 14582  5803 14458  5813 14305 14315  5661  1391 14974 14345 14347 14956
  1397 14360 14948  5667 14942 14938  5832  5670 14385  4121  1414  5823
  1419  1378 13876  5591 13868 13397 15638  1866  6069 13421  5515 15616
 13427 13442 15645  5517  1855 13459  1853 13471 13476  1240 15569 15565
  6049  5518 13384 15650  1882  1185  1923 15773  1919 15764  6106 15743
  1198 13286 13287 15722 13290 13305 13326 13330 15683 15679 13339 13356
  1217 13373 13502 13504 13508 13529  1751 13753 13759 15377  1737 15362
  4069  5968 15350 15347 15345  1304 15332 13827 13845 13846  1709  4076
 13861 15297  1703  1752 15797 15393 15397  1826 13568 15498 15496  1256
 15471  1264 15460 15458  5549  1796 13647  6004 15432  1274  1778  5557
 13727 13729  4064 13738 13740  8515  6459  2404  3099 18436   445  9412
  9419  9431 18400  9435  3077  9347 18375 18368 18363 18361  4897 18351
   464  9487 18335 18329  6950 18455  3104 18466  9165  9172  4847   371
  9174  4425  9181  9184  7020  9199  3134   392 18542  3127  9252 18521
  9275   413 18482  9304  6991  9495  9164  3793 18312  9762  4952  6869
  9769  4958   529  9797  9804  9824  4951 18092  9841  2955  9874 18037
 18034 18016  9922  3827  2927  9837 18165 18171  9739  3057  4916 18291
  9561  6923  9571  9574  4405 18259  3027  9639 18220   509  9679 18208
   512  9692  4937 18199  2998 18185  4406  7026 18616  3155 18997  8724
  8739  3272   265 18950  3268 18926 18915  4766  8833   285 18890  4783
  7075   291  4785  8880  3229 18856  8842 19007  8697  3747  3354  3348
   219  8549 19130  3339  8569  3330  8585  8596  8599   230 19070  8620
  8629  8637  3308 19050  3307  8660  4758  3228   305  4442 18845  4817
 18710  4820  9060  3173   343  9085  4827 18664 18663  9099  9103  7042
 18641  9123  3163 18636  9129  9143  7027 18622  3180  9947 18730  9024
  8901  8902  4795 18827  8905 18820 18810 18808 18803  8943  8944  7064
  3205  4805  8982   321   322 18763 18757   327  9022  9035 11633  9957
  9976 10969 17312 17311  6584 11034 17295   764 11039 17285 17326 11078
 17260 11125   791  2548 11144 11159  2545 11187 17192 11086 10967  6595
 10951 17438  2645  6636 17428 17423  4347 17414 10850   733 10855   738
  6616   747 17366 17363 10909  2621 10928 17355  5129 10944  3913 17445
 11228  2533 16995 16988  5204 16982  5207 16971 11546 16964  2430  6480
 11551 11556 16942   882 11582 16913  2414  2412  2410 16887 16945  2447
   857 11474  6537  6525  6522  2507 17103 17101 17099 17090 11371  5186
 11382 17074   841  2477 17057   845  6496   850  6488  2452 11465 17175
 10798 10784 17462 10169  6784 10176   615 10182 10189 17871   617 17864
  6787 17863  5030 17844 10205  2850 17819  2848 17810 10242  3854 17862
 17898 10143  6800  2913  9998  6817  6816 10014 10020 17958 17948  5006
 10061 10063 10065 10066 17938   603  6805  6803 10100 17917 10107 10109
 10244  3856 10250 17795  2735 10553 17606 10576  2727  6698 17566 10655
   694 17545   697 10683   705   709 10734 17504 10745   715  6652   718
 10771 10532 17983 17632  2742  5040  5042 10276 17774  6757  6754 10303
  6752   639  5048 10328  6741 10371 17685  6736 10429 10437  2760 10486
  2757  3867 10513  3662]"
4,eye,"[10172 10173  4273 10177  4269 10180  4267  4266 10184 10185 10186 10187
  4265 10161 10189 10160 10156 10131  4289 10134 10135 10136 10137 10138
 10139  4284 10142  4283 10144 10145  4282 10148 10149 10150  4280 10153
  4277 10155 10159  4264  4263 10192 10223  4249 10225 10226 10227 10228
 10229 10230 10232 10235 10236 10237 10238  4245  4244 10243 10246 10247
 10248 10249 10250  4251 10221 10220 10219 10193 10194  4262 10196 10197
  4260 10200 10202  4257 10204  4290 10205 10207 10208 10210  4253 10213
  4252 10215 10216 10217 10218 10206 10014 10129 10127 10042 10043 10044
  4336 10046 10047 10048  4335  4333  4331 10053 10054  4330 10056  4329
  4328  4326 10060 10062 10063 10064 10041  4324 10040  4337 10016 10017
 10018  4344 10020 10021 10022 10024 10025 10026  4342 10028 10029 10030
  4341 10032 10033  4340  4339 10036  4338 10039  4323 10068  4322  4305
  4304 10104  4303 10106 10107 10109  4301 10114 10115 10116 10117 10118
  4299 10120  4298  4295 10123  4294 10125  4292 10101 10098  4308  4309
 10070 10071 10072 10073 10074  4321 10076 10078 10079  4320  4291  4319
  4318 10085  4316  4315 10089 10090  4314  4311 10094 10095 10082 10716
 10717 10718 11320  3774 11322 11323 11324 11325 11326 11327 11328 11329
  3773  3772  3768 11334 11335 11336  3766  3765 11339 11340 11341 11319
 11342  3777  3779 11292 11293 11294  3791  3790 11298 11299 11300 11301
 11302  3786 11304 11305 11306 11307 11308 11309 11310  3784 11314  3781
  3778 11343 11344  3764 11374 11376 11377  3751  3749 11380  3747  3746
  3744  3743 11385  3741 11387 11389  3738 11391  3735 11394 11396  3734
 11398 11373 11372  3753 11370 11346 11347 11348 11349 11350 11351 11352
 11354 11355 11356 11291 11357 11359  3762 11361  3759 11363  3757 11365
 11367  3755 11369  3763  3733  3795  3797 11203  3836  3835 11206 11207
 11208  3833 11210  3829  3828 11214 11215  3827 11217 11218  3826 11221
 11222 11223  3825  3822 11202 11226 11201 11199 11174 11175  3849  3848
  3846 11181 11182  3843 11185 11186 11187 11188  3842 11190 11191 11192
 11193 11194  3841 11197  3840  3837  3821 11228 11229  3810 11263 11264
 11265 11266  3807 11269 11271 11272 11273  3806 11275 11276 11278 11279
 11280  3801  3800 11285  3798 11287  3811 11260  3812 11258  3818 11232
 11233 11234 11235 11236 11238 11239 11241 11242  3796 11244 11246  3813
 11249 11250 11251 11253 11254 11255 11256 11257  3816  3851 11400  3732
 11542 11543 11545 11546 11547 11548 11549 11550  3671 11553 11554  3668
 11557  3666 11560 11561  3664 11563 11564 11565 11566 11541  3662 11540
  3672  3681  3680 11517 11518 11520 11521  3679 11523 11524  3678 11526
 11527 11528  3677  3676 11531  3675 11533  3674 11536  3673 11539 11568
 11569 11570 11602 11603  3652 11605 11606  3650  3648  3647  3646  3644
 11612 11613 11614  3643 11616 11617  3642  3637 11621 11623  3635 11601
 11600  3653  3654 11572 11573 11574 11575  3660 11579 11580 11581 11582
 11583 11513 11584 11587 11588 11589 11590  3658  3656  3655 11595 11596
 11597 11586 11401 11512 11510 11431  3715 11435 11436 11437 11438 11439
 11441  3712 11443  3711 11446 11447 11448 11449 11450 11451 11452 11453
 11454 11455 11430 11456 11429 11427 11403  3731  3729 11406  3728 11409
 11410  3727 11412 11413  3725  3722  3721  3720 11419  3719 11421  3717
 11423  3716 11426 11428 11457 11458  3710  3696 11490 11491  3695 11493
 11494 11495  3694  3693  3691 11499 11500 11501 11502  3688 11504  3687
 11506 11507 11508 11509  3697 11487  3698  3700 11462 11463 11464  3709
 11467  3708 11469  3707 11471 11472  3684  3706  3704 11476  3703 11478
 11479 11480  3702 11482 11483 11484  3705 13491  3852 11170  3997 10859
 10860 10861  3996  3995  3994 10865  3992 10867 10868 10869 10870 10871
  3991 10873 10874 10876 10877 10878 10880 10857 10881 10855 10853 10828
 10829  4010 10831 10832 10833 10835 10836 10837  4006 10839  4005  4004
 10843 10844 10845 10846  4002 10850  3999 10852 10854 10882 10883  3990
 10914 10915 10916  3975 10919 10920  3974 10922 10923 10924 10925 10926
 10928  3971 10931  3970  3969  3967 10935  3966 10937 10913 10912  3976
  3977 10885  3989 10887 10888 10889 10890 10891 10893 10894  3986 10827
 10896  3985  3984  3982 10903  3981 10905 10906  3980 10908 10909 10898
 10938  4011  4012 10745 10746  4044 10748  4043 10751 10752  4042 10756
  4040 10758 10759 10760  4039 10762 10763 10764 10765  4038  4037 10768
 10744  4035  4045 10741 10719 10720  4054 10722 10723 10724  4053 10726
 10727 10728  4052  4051 10732 10733  4050  4048 10736 10737  4047 10739
  4046 10742  4034 10771 10772 10801 10802 10803 10804 10805 10806  4022
  4021 10810  4020  4018  4017 10814 10816 10817  4016 10819  4015 10821
  4014 10823 10800 10799  4023 10797 10773  4033  4031 10776  4028 10779
 10780 10781  4027 10784 10825 10785 10787 10788  4024 10790 10791 10792
 10793 10794 10795 10796 10786 11171 10939 10941 11091  3891 11094  3889
  3888 11097  3887  3886 11101 11102  3885 11104  3884 11106 11107  3883
 11109  3882  3881  3880 11113 11090 11114 11089  3892  3898 11064  3896
 11067 11068 11069 11070  3895 11072 11073  3894 11075 11076 11077 11078
 11079 11080 11081 11082 11083 11085 11088 11115 11117 11118 11148 11150
  3859  3858 11153  3856 11155 11156 11157 11158  3854 11160 11161 11162
 11163 11164 11165 11166 11167 11168  3853  3861  3862 11145 11144  3877
 11121 11122  3876 11124 11125 11126  3875 11128 11129 11062 11130  3873
 11133 11134  3869 11137 11138 11139 11140 11141  3865  3874 10940  3902
 11059 10972  3953 10974  3951  3950 10977  3949 10980 10982 10984  3946
 10987  3945  3939 10990 10991 10992  3938  3937  3936 10996  3954 10997
 10969 10967 10942 10943 10944 10945 10947  3965 10949  3963 10951 10952
  3962 10954 10955  3960 10959 10960  3958  3957 10964 10965 10966  3955
 10998 11000  3932 11032 11034 11035 11036  3911 11040  3908  3905 11044
 11045 11046  3904 11049 11050 11051  3903 11053 11054 11055 11056 11058
 11031 11029  3915  3916  3931  3929  3928 11005  3924 11007 11008 11010
 11011 11013 11060 11014 11017 11018  3921  3920 11021  3919 11023 11024
 11025  3917  3923  9990]"
5,flower,"[ 9996   818  9997 10002 10020   820 16713  2330 10027 10032  9998 16727
  2337  9977  9956 16745   810 16743  9959   812  9960  2344 16738 16737
  2342  9971 16734  9972 16732  2339  2338 16799  2277 16991 16994  2585
  8993  8997  9004  9009 17247   681  8988 17245  9023  9026  9028 17239
  9029 17237 17236  9018  9030 17259   676  8931  8934 17280  8940  2594
  8946 17274  8983  8950  8953  2591   670  8957  8960  2588  8973  8951
 17283 17234  9033  9073  2562 17207  9075 17205 17204  2561 17210  9080
  9085  9087 17196  9089 17194  9090  9092  9084 17233  9072  9070 17231
 17230 17229  9034 17227  2578  9044  9071  9052 17221  9056  9060  2566
 17217  9063 17215  2571 17284  2597  8918  8801  8802  8803  8805   646
 17346 17345  2619  8812  8816  8820  8822  8823 17338  8825  2616  8814
   651  8796  8782 17375  8757  8758   633  8760  8761  8763  8790 17368
   637 17363  8773  8777  8778  8780  8781  2629  8831  8832  8840 17308
   664  8892  2603 17303 17302 17301  8885 17300  2602  2601 17294  8909
 17292  2600  8916  8898  8883  8877  8876 17330  8842   655  2614  8848
  8849  8850  8854  8862 17320   660  8864  8870  8872 17315  8873  8875
  9093   747  2559  9102  9350  2494 17062 17061 17059  9383  9384 17070
  9390  2487 17051  9395  2486  2485  9400  9402 17054 17043  9349  9341
  9307  9310   719 17087 17086  2510 17084  9342  9312 17081  9316  9320
  9328  2501  9335  9338  2509  9300  9421  9426  9486  9488  9495  9498
  9499  9500 17006 17014 17005 17003 17002 17001 17000 16999   746  9504
  9501  9422  9485  9483  9429  9430  9436 17032  2474  9444  9450  2465
  9464  9468 17023  9471  9476  9477  2467 17018  2472  9299  9292  2515
 17166  9139  9142 14319  9153  9154  9172   702  9174   705  9185 17150
  9186 17148  9190  9198 17154  9203  9137 17170 17187 17185  9108 17183
 17182  9111  9112  9133   697  9120  9123  9124  9126   701  9127  9131
  9116 17141 17140  9205   715  2524  2523  9270 17111  9272 17107   714
   716  9286 17103  9288 17100 17099 17098   717  9278  9267  9261  9250
  9211  9213 17136 17135  2534 17133  9219  2533 17130  9223  9228 17126
  2531  9234  9238  9242   712  9101 10222 10225 10226 11196 11200 16098
 11202  2049 11209  2048 11193 16093 16091 11212 11213   955 11216 16086
 11219 11211 11220  2052 11184  2061 16120 11164 11165 16116 11166 11168
 11185 16113 11169 11170 11173 11174 11176 11177 11179 16112 11144 16083
 11225 16059 16057 16056 16055  2029 11282 16050 11275 11285 11286 16045
 16044 11293   967 11294   968 16048  2047 16062 11267 16080 11228  2042
 16077  2039   957 11240 11270 11241 11251 11255 11256 11257 11262 11265
  2033  2038  2062 11130 16127  2090 10998 10999 11000 11003 11018 11021
 16199 11022 16188 11024   926 11026 11028 11036 16181 16189 11040 16200
 10982 10958 10960 10962 10963 16216 16215 16214 10983 10967 10974 16209
 16208 16207 16206 16205 16204 10973 11047 11049 11050   936  2070   939
  2067   941 16141 11112 11108  2066 16137 16135 11117 11119 11122 11123
  2065 16138  2071 11104 11103 11051 11052 16174 11066 16170 11068 16167
 11075 11076 11077 16159 11083 16155 11094 16153 11096  2073 11295 10957
 11298 16036 11508 15911 15910   992 11509 11514 15905 11505  1981 11522
 15901 15900 11523 11533 11534 11535 11520 15894 15915 15918 11458 11459
 11466   986 15933 15932 15931  1988 11468 11483 11489 11490 11491 15922
 11493 15920  1994 11457   995   996  1964  1003 11588 11589 11592  1961
 15856  1966  1005 15853 11603  1959 15850  1010 11614 15846  1007 11541
 15866 15868  1976 15888 11548  1975   998 15883 11555 11580 11556 11561
 11564   999 11565 15873 15871 11578 11558  1997   984   983 11351 11354
 11355 16009   971 11356 16006 11349   972 11370 11371 11373 11374 15998
 11376 11377 11362 15994 11348 16017 11304 11305 11311 11321 11324 11329
 11330 11342  2018 11337 16023  2016 16021  2014 16019 11341 11336 15993
 11378 15991   979 15963 11413 15961  2003 11420 15957 11406 11430 11441
 15949 11442 11443 11446 15944 11449   981   978 11405 11400 15990 15989
 11379 11382 15985 15983 11389 11392 15980 11394 11396 15977 15975 11399
 15973 15971 15970 16037 10948 16224 16225 10460 10465 10469 10475   868
 10485 10486 10458 10491 10498 10504 10509 16468 16467 10515 16465   869
   873 10456  2220 10418 10422 10425 10428 10433 10434 10435   865 10436
 10438 10444 16495  2226  2225   863  2222 16499 10414 10517 16460   880
  2196 10560   881   882 16433 16431   879 16430 10567 10568 16426 16425
 10570 10574   883 10565 16461 10558 10554  2208   874 10522   875 16455
 10529  2204 10557 10532 10537 10538 10542 16447 16446 10545  2200 10534
 10412 16510 16511 10300 10307 10308  2256 16575 10312 10315 10296 10319
  2253 10322 10329 10334 10338 10347  2249 16571 16558  2266 16586 10228
 16603 10233  2275  2274 10246  2272 16583 16597 10254 16594 10260 10266
 10270 16590 10278 16596 10354 10356 16553 10397  2238 10399 16526 16525
 16524 10401 10393 10404 16520 16519   856 10408 16516   857 16514 16521
 16532 16533 10392 10360 16551 10365   853 16547 16546 16545 10370 10374
 10376 16541 10378 16539 10383 10385  2244  2240 16418 10577 10578  2194
 16296 10811 16294  2136 10827 16290 10836 10810 16288   904 16284   905
 10838  2127 10843 10845 16286 10848 10803  2144 16319   901 16316 10754
 10766 10769 10774 10800 16310 10783 16306  2149  2148 16303 10796 10798
 10780  2125 10857 10859 16244 10913 10915 16241 16240 10916 10918 16245
 10926 16234 10931 10937 10940 16230  2104 16226 16235  2109   912   911
 16269 16268 10860 10861 10870 10877 16261  2119 16259  2117 16257 16256
 16255  2116 10885 10888 10902 10747 15843 10742 10733 10624 10628 10635
 10638 10640 10641  2178 10620 16384 10648 16380 10653 10654 16376 10661
 16374 10646 16372 16394 10618 16414 16413 16412 10583 10584 10587 10589
   889 10590 16405 10593  2191 10607 16400 10617 16398 16406 16371 10666
 10670 10704 10706 10709 16339 10710 10711 10712  2167 10715 16332   900
 10717  2166 10723 10726 10729 10716 10701 10699  2170 10673   894 10674
 10679 10681 16363 10682 16361 16360 10689 10690   896 10691 10692 16352
 16350 16349  2161  3811]"
6,square,"[ 2911  1944 12362  8966  1715 18251 17187 14483  3034 17520  3335  3297
 18516 19105  4446 15583  5860 10874 12317  8849 15752  3176 18573  5512
 19949  6313 12411  2302  8448  6211   702  6706 19740 18895   690  8796
   755  1347 19434  7392 14657 13877  3413  2396 12965 17989 11577   258
 11550  6166  1591 12508 10623  6719  2262  7033  2489  1101 14749 15188
  8730 15757  9726 10287  2114 17709 16368  8315  5779  7038  9084 10011
  9089  8294  6438  1050  3651 13131   219 15799  9989  2754 15830 14916
 10420   462  6122   736  4927  7525  3887  6011  3092 17601 17314  9612
 13292 15800 19057 10276  3980  4451  2894   412  8076  3781 17909  2283
  6890 18473 15520  5731  7374  7647  4985  6254  2805 12957 10852 11617
 10424  6045  9078 16514  8135 13478  8239 17204 18628  2303 18673  7034
 13147  9824  4200 12806  8475  8480 12780  6101 18377   537 17119 10753
 13088 14966 13906   818  6867 14436  2866 13435  6877 10814 10063  2968
  4386  3591 19779  2320  7667 18721 12952 19254  8898 12283 17518  3432
   787 10150 17954  3720 13657  9935 13199  6705  2759 14018 12749 17626
  2912  3660  7581 11524 15244 19060  9072 18683 17712  6106  1169  9045
 14421 16312  6236 13339  8151 17732  5285 11849 15194 11963  1958   628
 14729   499 12211  5481 15630  1986 17342 14126 10614 11695 12567  9659
 19213 13627 17585 14131 18641 10251 13093  9699 14176  2527   974 17197
  9264  3630 12890  2969 12322  2483  4011  6165 12297  4002 16444   649
  4584  7229  8785 13006  6975 11219  5901 11385  7081   566  6272  1669
  7622 19188   289 11689 19148 17237 11068  8524 19423   653 19261  4732
 15404 12010 11531  5668  2032 13804  4432 17376 14624  8458 19755 19296
 15995 19180 13541  2775  6123 17388   697 11318  8005  7055 12866  2823
  3483  5488 14537 11652 15078  7641 19283  8928 14583   464 12100  6581
  4560  1425 17031 13656   724  7434 18816 10359 15650  7566 19300  6160
 19978  6829  5324 12060   792  7628 16844  4745  8195 15766  3128 13759
 17394   990 12759 18412 14975 17998 11297 12049  9818 16662  1968  4069
 13248  2510 17592  9789 15416  5577  2973 10363  4690  9055  3696  5013
  4121 17696  1661  1382 13295  8720  7343  2087 15152 16988 17297  9241
  6233 13748  2272 10387 16102 17574 17327  2953  7001  4760 15306  8693
 16648 10569 16040 19314 13303  8933  4698   469  8048 11949 18624  9979
  2416   250 19817 10394 12674 19238 13599 13749 14032  6253   978 14718
  4309 14815 11013 11653 13374 11999   776  9350  7176 15338 12440 18982
 19502 18963   772  3753  9679  8837 14439 15597  1848  2438  3214  2668
  5057  3676 12408  5291 17959 10077 15324  6765  3950  5784  8767 18689
  6979  7078  1569 10124  9743  6268 15449  9445  1650 12928 10783  3469
 13012  9246 10280  9297 18126  6283 13458 16238 15413 17855 19012 16550
  3510 18640 10553  6309   429 10146  7882 10951 19615  5111  8043  1282
 19799  3305 18366 13388  9630 14086  5576 19973 19067 15525  7702  9417
  1796 17506 18519  5160 19674  2229 17504  4415   472 16360 11779  7271
   136  3897 19146 15790 18552  9788 17473 11611  6434 18609  7227  5752
 15892 16327  1572  2278  5009  2419  7141  7912 10114 15688  5954 16543
  5941  9594 19550 19811  7143 12651 14456 10014 16888  4349    14  8789
 18409 11656  8300 17690 10454 13745  1241 10642  1758   863  9287 15036
 10787  6302  9478 11697  1913 15460  7017  2210 13908  1668 14442 19264
 10539 17551  2028  8729  9647  8116 17907 19084  6742    50 16523  3464
  3292  7905  6292  9807 19905  1299  3807  6009   225 17677  6793 18568
  1238  2267 14727  5856 19107  5315  4061 19804 15031  2027  3759  7791
 16144 18237  3826 19310 17908  2862  5055 16721  6668 14163  6065  2011
 15223 15420  9410  7314  9438  7529   881 17347  2309 15484  6825 10352
 13465 12753 15134  8639 13962  8050  4512 16791 11279  1233 13947   753
 18620 15755 19861  1329  9690  2518 10689  5892  4570   321  4282 11379
  2651 12715  8487 18030 19444 10274  7473 12872  6362 19641  6720  4825
  1620  4644  9011  9042  9853  9933   665 15801 17413 19266   567 14760
  3672 17133 11883  3986  5098 15811 11646  6951   823  2536  7893 12735
 13570  7815 18343  6425  4467  1328  2119 11027 12639  9694  7520 14619
 11201 15767  6887 15787 16627 19614 17913  4001 10326 11166  3524 13747
 13341   902 12616 17580 17869 16804 17485   224 17390   725 14880  1176
   797 11956  6523  5104  7579  7897  2289 17470 16892  1640 15189 17116
  3326 13979  9777  1412 14524  1578  9506  8072 19731  8421  3222 15826
   456 19970  6533  1771  4465  3468 11395  7946  4862  7933  9281  7576
 19243  3401 14352  3963 12329 17722 15701 15365 15491 15450  6883 18427
 12004   285 18498 16694 17082 12059  6901  3815  2488  3436 11908  7597
 12014 14481  7181 15971 12492  8853  5194 12420 13595  3744  5722 11762
 12455   322  8555  4569  8903   556 15507  2471  7401  9908   524 19540
  6955 12907 10904 17020  1928 16331  3348 11248  5295 14195  2709 11642
  1062  4482 14269  2636  4954 10824  1508  4700  3452 13107  2356  7714
   417  6249    82  4166 17638 11475 17660  5708 12235 15889  9634 12918
  2040 11767  2287 18461  8064   463  4656 15468  7575 12452  1965  4621
  2015 17093  5426  2826 14247 18749 11644  8501  9226  6721 12961 11513
  7594 15712  6826 15050 19388 11985  5192 10697  2854 13486 13071  2022
 15085 19593 11322  6662  8210 15107 13397  1842 13773 19551  6058  2727
 15770 13067 19411 19660 12973  2613  6679 17132  7800  8747 19928  3289
 12741  4218 16612  1587  2178 15343  7252  2146 19563 18132   986 10384
 11259 13680  7778 16774 13312  6246  9216 17835 12098   292 16944 18811
 18471  7103 11992 13356 11057  1825  5228  5681  9041 13523 12403 13365
  2378  2297  2857 19498  4141  6378 16184 17480  5495 14081 19275  7295
   173  5213  8156 15463  1033 10885 18096   391  4685  8148  4125  7426
 16347  6538  5584  1695 17270  4684 16838  5069 17023  1821 12680  7147
 11226  5780  4896 12627 10645 13183  3116 17240  3830  4948 18090 13945
 10701 13079  9889  7900 10371 17211  4506   324 15136   425 13801  8735
  7008  3032 19667 10120 19654   750  1376  7507 18478  3158  1952  4313
   579  2721  6194  5018]"
7,star,"[ 6674  6716  6717  6719  6720  6721  6722  6723  6724  6726  6727  6728
  6729  6730  6733  6736  6737  6739  6740  6741  6742  6745  6746  6747
  6748  6749  6714  6713  6712  6711  6678  6679  6680  6681  6682  6683
  6684  6685  6686  6687  6688  6689  6673  6690  6693  6694  6696  6697
  6699  6701  6702  6705  6706  6707  6709  6710  6691  6181  7701  7703
  8709  8710  8711  8712  8713  8715  8717  8718  8719  8720  8722  8723
  8724  8726  8728  8730  8731  8733  8735  8737  8738  8743  8744  8745
  8747  8707  8749  8705  8703  8662  8663  8664  8665  8666  8668  8672
  8673  8675  8676  8677  8678  8679  8680  8684  8685  8687  8688  8692
  8694  8695  8697  8698  8701  8702  8704  8750  8752  8754  8807  8811
  8812  8813  8814  8815  8817  8820  8822  8823  8824  8825  8826  8828
  8830  8831  8832  8834  8835  8836  8837  8839  8841  8842  8846  8806
  8804  8801  8799  8756  8759  8760  8762  8766  8768  8769  8770  8771
  8772  8773  8775  8660  8776  8780  8781  8782  8783  8784  8785  8786
  8787  8789  8792  8793  8797  8777  8659  8658  8656  8515  8517  8521
  8524  8525  8526  8528  8529  8532  8533  8534  8535  8539  8541  8542
  8543  8544  8545  8546  8549  8552  8553  8557  8558  8560  8514  8513
  8510  8509  8471  8473  8474  8475  8476  8478  8481  8482  8483  8484
  8485  8486  8561  8488  8493  8495  8497  8499  8501  8502  8503  8504
  8505  8506  8507  8508  8492  8850  8562  8566  8610  8611  8612  8613
  8615  8616  8617  8618  8620  8622  8624  8625  8629  8630  8632  8635
  8637  8640  8641  8643  8646  8647  8653  8654  8655  8609  8605  8603
  8602  8567  8568  8569  8570  8571  8572  8575  8576  8577  8579  8580
  8581  8565  8582  8584  8585  8587  8589  8592  8593  8594  8595  8598
  8599  8600  8601  8583  8853  8854  8855  9110  9112  9114  9115  9117
  9118  9119  9122  9123  9124  9131  9133  9134  9136  9137  9139  9144
  9145  9146  9150  9154  9155  9156  9157  9158  9109  9106  9104  9103
  9052  9054  9055  9056  9060  9063  9064  9066  9068  9071  9073  9076
  9159  9078  9082  9083  9084  9086  9087  9089  9090  9093  9096  9097
  9099  9102  9080  9051  9160  9162  9213  9214  9215  9216  9217  9220
  9221  9222  9223  9225  9226  9227  9229  9230  9231  9232  9233  9234
  9235  9237  9242  9245  9246  9247  9248  9212  9211  9210  9209  9163
  9164  9165  9166  9167  9168  9169  9170  9172  9173  9175  9176  9161
  9179  9182  9183  9184  9185  9189  9190  9197  9198  9201  9202  9205
  9206  9181  8470  9050  9044  8903  8905  8906  8910  8911  8912  8913
  8914  8915  8917  8918  8921  8922  8923  8924  8925  8926  8928  8934
  8936  8939  8940  8941  8943  8944  8902  8901  8899  8893  8859  8861
  8863  8864  8865  8866  8867  8868  8869  8870  8871  8872  8945  8873
  8877  8879  8880  8881  8882  8883  8884  8886  8887  8889  8891  8892
  8875  9047  8947  8950  8995  8996  8998  8999  9000  9002  9003  9005
  9006  9009  9010  9012  9017  9019  9021  9022  9023  9027  9030  9031
  9035  9036  9037  9041  9042  8993  8991  8990  8989  8951  8952  8953
  8954  8956  8959  8961  8964  8965  8966  8968  8969  8949  8970  8972
  8974  8976  8977  8979  8981  8982  8984  8985  8986  8987  8988  8971
  7702  8469  8466  7936  7938  7940  7942  7945  7946  7948  7950  7951
  7952  7953  7955  7958  7959  7962  7963  7964  7966  7968  7970  7978
  7982  7984  7985  7986  7934  7987  7933  7930  7895  7896  7898  7899
  7900  7901  7902  7905  7907  7908  7909  7910  7911  7912  7914  7915
  7917  7922  7923  7924  7925  7926  7927  7928  7929  7931  7988  7989
  7990  8040  8041  8042  8043  8044  8045  8046  8051  8052  8053  8055
  8056  8059  8062  8063  8066  8067  8069  8072  8073  8074  8076  8077
  8078  8080  8039  8038  8037  8036  7991  7993  7994  7995  7996  7998
  8001  8002  8003  8004  8005  8006  7894  8008  8013  8016  8018  8020
  8022  8024  8025  8028  8029  8030  8031  8033  8012  7893  7892  7891
  7754  7756  7758  7762  7764  7767  7768  7770  7771  7772  7774  7776
  7777  7781  7783  7786  7788  7789  7790  7792  7793  7794  7796  7797
  7798  7753  7750  7748  7747  7705  7706  7710  7711  7712  7713  7719
  7720  7722  7723  7724  7725  7801  7726  7729  7730  7732  7734  7736
  7737  7738  7739  7740  7744  7745  7746  7727  8081  7803  7805  7850
  7851  7852  7854  7855  7856  7857  7858  7859  7860  7862  7863  7864
  7865  7868  7869  7870  7871  7875  7876  7877  7881  7885  7887  7888
  7849  7846  7843  7842  7808  7809  7811  7812  7813  7814  7815  7816
  7818  7820  7821  7822  7804  7823  7825  7826  7829  7830  7832  7833
  7834  7835  7838  7839  7840  7841  7824  8086  8087  8091  8327  8328
  8330  8335  8336  8338  8339  8340  8341  8342  8343  8344  8348  8351
  8352  8354  8355  8356  8358  8359  8360  8362  8364  8366  8368  8325
  8324  8323  8322  8284  8285  8286  8287  8290  8291  8292  8294  8295
  8296  8298  8299  8370  8300  8303  8305  8306  8308  8309  8310  8312
  8314  8316  8318  8319  8320  8301  8283  8371  8374  8427  8430  8431
  8432  8433  8434  8436  8437  8439  8440  8441  8443  8444  8445  8446
  8448  8449  8450  8454  8457  8458  8459  8463  8464  8465  8426  8425
  8423  8421  8376  8377  8378  8379  8380  8382  8383  8384  8387  8388
  8389  8390  8372  8391  8399  8401  8402  8403  8406  8407  8409  8413
  8414  8415  8416  8420  8393  8468  8279  8277  8139  8141  8142  8146
  8147  8148  8150  8151  8152  8155  8156  8158  8159  8160  8161  8162
  8165  8166  8167  8168  8170  8171  8172  8173  8174  8137  8135  8134
  8130  8093  8094  8095  8096  8097  8099  8100  8101  8104  8105  8109
  8110  8176  8111  8114  8115  8116  8118  8119  8120  8121  8123  8124
  8125  8126  8129  8113  8278  8178  8186  8236  8239  8241  8243  8244
  8247  8248  8249  8250  8251  8252  8253  8254  8255  8257  8260  8261
  8263  8264  8266  8267  8269  8271  8273  8276  8234  8232  8230  8229
  8187  8189  8191  8192  8194  8196  8198  8202  8203  8205  8206  8207
  8181  8208  8211  8214  8216  8217  8218  8219  8221  8222  8223  8225
  8226  8227  8209 19999]"
8,tree,"[13289 13290  6985 13292  6984 13287 13313  6965 13315 13337  6943 13339
 13341 13342  6939  6945 13344 13346  6938 13348 13349 13350  6937 13345
 13335  6946 13333 13316 13317  6963 13319 13321 13322 13323  6958  6956
  6955 13327  6954  6953 13330  6952 13279  6997 13277 13276  7040  7039
  7038  7036  7035 13227  7042  7033 13230  7030  7028 13234  7026 13236
  7031 13219 13218  7044 13199  7059 13201  7057 13203 13204 13206  7055
  7054 13209 13211 13212  7051  7046 13215  7024  7060 13238 13240  7005
 13262  7003 13264  7002 13266 13260 13267 13269 13270 13272  6999 13274
  6998  7001 13259 13258  7011 13241 13242  7023  7022  7021  7020  7019
 13248 13249 13250 13251  7016 13253  7014  7013 13239 13352 13043 13041
  7419  7417 12826  7416 12828 12829  7420  7414 12832 12833 12834  7412
  7411 12837 12831  7410  7423 12820 12805 12806  7440  7437  7436 12810
 12821 12811 12813  7429 12815 12816  7427  7425  7431  7409  7408  7407
 12861  7382  7381  7380  7379  7378  7385 12869  7377 12872  7376 12874
 12875  7375 12870 12859  7386  7387  7405 12843  7400 12845  7398  7397
  7395 12849  7394 12851 12852  7392 12854  7391  7390 12804  7441  7447
  7448 12747  7513 12750 12751 12752  7510  7515  7505  7502  7501 12758
  7500  7499 12761  7503  7516  7518  7520  7536  7535  7532 12730  7531
  7530 12734  7528 12736  7527 12738  7523 12740 12741  7522 12763  7372
 12764 12766  7469  7468  7464  7461 12791  7460  7473 12793  7458 12796
  7455  7453  7451  7449  7459  7474 12783  7477 12767  7495  7493  7492
 12771 12772  7486  7485  7483 12776  7482  7481 12779 12780 12781  7496
 13042  7366  7361 12986  7263  7262 12989  7258  7254  7264 12993  7250
 12996  7247 12998 12999  7246  7253  7244  7266 12982  7288 12967  7287
  7284 12970 12971  7271 12972  7281 12975 12976 12978 12979  7273  7282
  7243  7241 13004  7207  7206 13028  7205  7204 13031  7209 13032 13034
 13035 13036  7201  7200  7198 13033  7210  7211 13021 13006  7235  7232
  7229  7227 13011  7225  7222 13014 13015 13016 13017  7219  7218  7214
  7291  7294 12962  7295  7329  7327 12907  7326 12909  7325  7331  7324
 12914 12915 12916 12917 12918 12919 12913 12903 12902 12901  7357 12885
  7350  7349  7348  7347  7345  7343 12893 12894  7341  7337  7336  7332
 12900 12920  7362 12921 12923 12946  7304 12948 12949  7302 12951 12945
  7300  7297 12956 12957 12958 12959 12960 12954 12944  7305 12942  7322
  7320  7315  7312 12929  7311 12931 12932 12933  7310 12935  7309 12938
  7307  7306 12922 13985  6936  6934  6463 13769  6462  6461  6452 13773
  6464 13774 13776 13778 13779  6449 13781 13782 13775  6448 13766 13764
 13749 13750  6481  6480  6478  6477  6466  6474 13758  6472 13760  6471
  6469 13763 13757 13785  6446  6443 13809  6418  6416 13812 13813 13814
 13808  6415  6410 13818  6409 13822  6407 13824  6411 13807 13806  6423
 13788 13789  6440  6434 13793 13794 13795 13796  6433  6428  6425 13800
 13801 13802  6424 13748  6485  6488  6489 13692 13693  6552 13695  6550
  6549 13691 13698  6546 13701  6545  6541 13704  6533  6548 13690  6555
 13688 13670 13671 13672  6578 13675 13676  6573  6571  6563  6562  6561
  6559 13684 13686  6556  6530  6406 13707  6527  6504  6498 13732 13733
 13734  6497  6505 13736  6496  6493 13740 13741  6491  6490 13737 13728
  6508  6509 13711 13712  6526  6525 13715  6524 13717  6522 13719  6518
  6516  6513  6511  6510 13725  6529  6583  6403  6396  6291  6289 13930
  6287  6286  6284  6294 13934  6280 13938 13939 13940 13941 13942 13936
 13943  6296  6298  6320  6318  6317 13913  6316  6313  6297 13916  6309
 13919 13920  6307 13922  6301  6311  6279  6277  6276  6264 13969 13970
  6262  6261  6260  6265  6258  6256 13979  6251 13981  6242  6241 13976
 13966 13965 13964  6274 13949 13950 13951  6269 13953 13954 13955 13956
 13957  6268 13959  6267 13961 13963  6321  6323  6334 13905  6377  6376
  6375  6374 13855 13856 13850  6373 13859 13860 13861 13862 13864  6371
 13858  6378 13848 13847  6393  6392 13831 13832 13833 13834 13835  6391
  6389 13839 13841  6384  6381 13845  6379  6369  6400 13867  6364 13889
 13890 13891  6348 13893 13894  6350 13895  6346 13899 13901  6341 13903
  6335 13897 13887 13886  6352 13870  6362 13872 13873 13874  6360  6358
  6357  6355 13879 13880  6354 13882  6353 13884  6367  6935 13668  6585
  6819  6818  6816 13456  6815  6813 13452  6811 13463  6807 13465 13466
 13467  6805 13462 13469  6821 13449  6842 13433 13434  6837 13437 13438
 13450 13439 13441 13443  6832 13445 13446  6831 13440  6803  6801 13472
 13492 13493 13494  6772  6768  6764  6773  6763  6758  6757 13503 13504
 13505 13506  6762 13490  6774  6775  6800  6797  6793 13476  6792 13478
  6786  6784  6783 13482  6781  6779 13485 13486  6778  6843  6846  6847
  6848 13375  6916  6914  6912 13379  6908 13374 13381  6907  6904 13385
  6903  6902 13388 13382 13373  6919  6921  6933 13357  6931 13359 13360
  6924 13362 13363  6923 13365  6922 13367 13368 13369 13370 13389  6756
  6900 13392 13412  6867 13414 13415  6865 13417  6868  6863 13420  6861
  6858  6854  6850 13426  6862  6869 13409  6871  6897  6894 13395  6892
  6891 13398  6890  6884 13401  6883  6878  6877  6876  6875  6874  6898
 13667 13508  6748 13611 13612 13613 13615 13616 13617  6629 13618 13620
 13621 13622 13623 13624 13625 13619  6627  6639  6641 13591 13592 13593
  6650  6649  6648  6640  6647 13600 13602 13603  6644  6642 13606 13598
  6624  6623  6621 13651  6597  6592  6591  6590  6589  6600 13657 13659
  6588 13662 13663 13664 13665 13658 13649  6601  6602 13630  6618  6614
 13634 13635  6612  6611  6606 13640 13641  6605 13643 13644  6604 13646
  6652  6656 13588  6659 13532  6722 13534  6721 13536 13537 13531  6720
 13540  6716 13542 13544 13545  6713  6719 13530  6723  6724  6747  6745
 13514  6742  6741  6738 13519 13520  6737  6735 13523  6730 13525 13526
  6725 13547  6755 13548  6709  6677  6676  6673 13575 13576 13577 13571
 13578  6669  6667  6666  6664  6663  6661  6671 13570 13569  6678  6700
 13554  6698  6697 13557  6692  6691 13560  6687  6686  6685 13564 13565
  6680 13567  6712     0]"
9,triangle,"[ 6302 13282  6304  6305  6309  6313  6314 13274  6316  6317 13225 13223
  6368 13221 13180 13179 13178  6410  6411  6419  6421  6423 13169 13165
 13164 13163  6428 13161  6430  6431 13158 13157  6433 13153 13151  6438
 13148 13145  6441  6444  6446 13137  6448 13181  6269  6407 13184  6370
 13219  6371  6373 13215 13214  6379  6380  6383 13209  6385 13206  6387
  6389 13203 13200  6391 13196  6395 13194  6396 13192  6397  6399 13189
  6400 13187  6402  6404 13183  6268 13316  6267  6146 13457 13456 13455
 13454 13453 13452 13451 13450 13449  6148 13444  6152  6157 13437 13435
 13432 13431 13430 13427  6165 13423  6172  6176 13418 13417  6177  6181
  6182  6144 13413 13461  6141 13506 13505  6101 13500 13498  6108 13495
  6110  6111  6120  6122  6123  6124  6126  6127  6129 13484 13483  6133
 13480  6134  6135 13475 13473 13472 13470  6137  6140 13464 13462 13135
  6185 13409  6231  6233  6234  6237 13351 13350 13349  6242 13347  6243
  6251 13344  6252 13342 13340  6255 13338 13337 13335 13334 13333 13331
  6260 13324 13323  6261 13321  6263  6264 13358 13410  6229 13361 13407
  6190  6201 13403  6203 13400 13398  6205 13392  6211 13389  6214 13387
  6216 13383 13382  6218 13378 13376  6220 13373  6221 13371 13370  6223
 13366 13365 13363  6228 13360 13510  6454  6457 12893 12892 12891 12890
 12888 12887 12886  6673 12883  6680  6683 12879  6684 12894 12876 12874
 12873  6690  6692 12869  6693 12867 12866 12865  6694  6695 12861 12857
  6689 12897 12900  6663 12939 12936  6630 12934 12933  6633 12931  6634
 12929 12927  6641  6642  6643  6644 12919  6645  6649  6650  6651 12914
  6652 12912  6653 12908 12907 12906 12904  6654  6661  6698  6699  6701
 12851 12813 12812 12811 12807  6734 12805 12804 12803  6735 12799 12798
 12797 12795  6737  6738 12792 12791  6744  6748 12787  6751  6752  6759
 12779 12776 12774  6772 12771  6777 12814  6624  6729  6728 12850  6705
 12846 12845 12843 12842 12841 12840 12839 12838 12837 12836  6708  6709
  6713  6716 12831  6718 12829 12828  6721 12826  6722 12824 12823  6723
  6725  6726 12819 12817 12942 12944 12946  6508 13080 13079 13078 13077
 13076 13075  6510  6511  6512 13066 13065  6516 13063  6517  6520  6521
 13056  6526 13054 13053  6527  6529  6530  6532 13046 13045 13044 13043
 13082  6535 13083 13087  6463 13129 13128  6465  6466  6467  6468 13123
  6471 13118 13117  6480 13111 13109 13108 13107 13104  6487 13102 13101
 13100  6490 13098  6491 13095  6495  6499 13089  6501  6506  6456 13041
 13039 12990  6589  6590  6596 12984  6598 12980  6601 12977 12975  6605
 12973 12971  6606 12968  6607 12964 12963 12962 12961  6609 12959 12957
 12956 12954  6617 12950 12949  6618  6586 13040  6584 12995  6537 13037
 13036 13035  6542 13032  6543 13028  6548  6553 13023 13022  6554 13019
 13018  6561 13015  6564 13010 13008 13007  6567  6569  6571  6573  6579
  6580  6582 12996  6583  6097 13513  6096 14018 14017 14015  5601 14013
 14011  5603 14009  5608 14006  5610 14003 14002  5597 14000  5614  5619
 13993 13991  5624  5625  5626 13987 13984 13983 13980 13978  5635  5611
  5595 14026 14027 14068 14067 14066 14064  5561 14062 14061  5564 14058
 14057 14056  5565 14052  5572  5575 14047 14045  5579  5582  5583  5584
 14040 14038 14036  5587 14032  5592 14029  5593  5642  5645  5646 13971
 13918  5698  5707  5712 13911  5715  5717 13907 13906  5722  5724  5725
 13901 13900  5729 13898  5730 13896  5733  5735 13893 13892 13891  5736
 13889  5737 13886  5738 13883  5691  5558  5690  5687  5647  5649 13967
  5653 13965 13964 13960  5658 13954 13951 13950  5667 13945 13943 13942
  5670 13940 13939 13936  5673  5674 13933  5675 13930  5678 13928 13927
  5679 13923 13921 14071  5555 14073 14224  5402  5405  5408 14214  5409
  5415 14210 14208  5425  5426  5427  5428  5433 14199  5440 14197  5441
 14195  5442 14190  5451  5452  5453  5456  5461 14180 14178 14177  5396
  5465 14229 14233 14274  5352  5355 14271 14270  5356  5358 14267  5359
  5361  5362  5366  5368 14252  5371  5379  5383 14247  5384  5385  5386
 14243 14241  5388  5389 14237 14236  5391  5392  5393  5746  5467 14170
 14113 14112  5513 14110 14109 14108  5520 14104  5523 14102 14098  5525
  5526 14095 14094  5531 14091  5534 14089  5536 14087 14086 14085 14083
  5544 14081 14079  5547  5551 14114  5469 14115 14117 14169 14168 14160
  5475 14158  5479 14153 14151  5486 14148  5489  5490  5493  5494  5495
  5497 14137  5499 14132 14131 14130 14129  5501  5504  5505  5507  5508
  5510 14119 14116  5747 13879  5750 13643 13642  5961 13639 13637 13635
 13634 13633 13632  5965 13630 13629  5967 13627 13626  5968 13624  5970
  5972  5974 13618  5986  5987  5988 13614 13613  5990 13611  5994  5955
 13604 13646  5954  5926  5929  5931  5932  5935 13682 13681  5937 13677
  5938 13675  5940 13673  5942 13671  5943 13668  5944 13665 13664 13663
 13661  5948  5951  5952 13654 13653 13652 13651 13648  5924  5999  6001
 13552  6056 13547 13546  6059 13544 13543 13542  6060 13540 13539  6064
  6066  6069  6074  6075  6076 13531  6078  6080  6081 13525 13524  6082
  6087  6092  6095 13516 13515 13553 13601 13555 13557  6002  6003 13596
  6007  6009  6010  6012  6013  6016 13587 13586  6018  6019 13582  6024
  6026  6027  6032 13574  6034  6035  6037  6041  6045 13563 13562  6046
  6047  6050  6052 15739  5923 13694  5796  5799  5800  5803 13825 13824
 13823  5808  5812 13819 13818  5814 13815  5816  5818 13811  5821 13808
 13807  5823  5826  5827  5830 13802  5831  5832 13797  5834 13794  5794
  5836  5791 13837  5752  5753 13873  5755  5758 13870  5759  5761 13866
  5762  5763 13863  5765  5768 13859 13856  5772  5776  5778  5781  5782
 13849 13848  5784  5785 13845 13844  5786  5787  5790 13692  5837  5841
  5875  5882  5888 13735 13734  5891 13730  5892 13728 13727 13724 13723
  5895 13720 13718 13717 13716  5897  5898  5899  5900 13709 13707  5909
  5911  5912  5917 13696 13695  5874  5839  5869 13749 13789  5843  5844
 13785  5846 13783  5847 13780 13779  5849 13775  5852  5857  5862 13767
 13766  5863 13763 13762 13761 13759 13758 13757  5866 13754 13753  5867
 13751 13750 13748 19999]"
